<?xml version="1.0" encoding="UTF-8"?>
<project xmlns="http://maven.apache.org/POM/4.0.0"
         xmlns:xsi="http://www.w3.org/2001/XMLSchema-instance"
         xsi:schemaLocation="http://maven.apache.org/POM/4.0.0 http://maven.apache.org/xsd/maven-4.0.0.xsd">
    <modelVersion>4.0.0</modelVersion>

    <groupId>com.codenjoy</groupId>
    <artifactId>games</artifactId>
    <version>1.0.23</version>

    <packaging>pom</packaging>

    <properties>
        <java.version>1.8</java.version>
        <commons-collections.version>3.2.2</commons-collections.version>
        <commons-lang.version>2.6</commons-lang.version>
        <org.json.version>20160810</org.json.version>
        <com.cedarsoftware.jsonio.version>4.9.9</com.cedarsoftware.jsonio.version>

        <fest-reflect.version>1.4.1</fest-reflect.version>
        <fest-assert.version>1.4</fest-assert.version>
        <junit.version>4.12</junit.version>
        <mockito.version>1.10.19</mockito.version>

        <maven-compiler.version>3.5.1</maven-compiler.version>
        <maven-resources.version>2.7</maven-resources.version>
        <maven-antrun.version>1.8</maven-antrun.version>
        <maven-license.version>1.9</maven-license.version>

        <user.resources>src/main/webapp/resources/user</user.resources>
        <client.sources>${user.resources}/${module.name}-servers.zip</client.sources>
    </properties>

    <repositories>
        <repository>
            <id>codenjoy-releases</id>
            <url>https://github.com/codenjoyme/codenjoy-repo/raw/master/snapshots</url>
        </repository>
    </repositories>

    <modules>
        <module>engine</module>
        <module>sample</module>
        <module>sample-text</module>
        <module>a2048</module>
        <module>a2048-extreme</module>
        <module>bomberman</module>
        <module>battlecity</module>
        <module>chess</module>
        <module>collapse</module>
        <module>hex</module>
        <module>loderunner</module>
        <module>minesweeper</module>
        <module>rubicscube</module>
        <module>sudoku</module>
        <module>snake</module>
        <module>snake-battle</module>
        <module>moebius</module>
        <module>football</module>
        <module>startandjump</module>
        <module>quake2d</module>
        <module>pong</module>
        <module>fifteen</module>
        <module>puzzlebox</module>
        <module>spacerace</module>
        <module>kata</module>
    </modules>

    <dependencyManagement>
        <dependencies>
            <dependency>
                <groupId>${project.groupId}</groupId>
                <artifactId>engine</artifactId>
                <version>${project.version}</version>
            </dependency>

            <dependency>
                <groupId>commons-collections</groupId>
                <artifactId>commons-collections</artifactId>
                <version>${commons-collections.version}</version>
            </dependency>
            <dependency>
                <groupId>commons-lang</groupId>
                <artifactId>commons-lang</artifactId>
                <version>${commons-lang.version}</version>
            </dependency>
            <dependency>
                <groupId>org.json</groupId>
                <artifactId>json</artifactId>
                <version>${org.json.version}</version>
            </dependency>
            <dependency>
                <groupId>com.cedarsoftware</groupId>
                <artifactId>json-io</artifactId>
                <version>${com.cedarsoftware.jsonio.version}</version>
            </dependency>

            <dependency>
                <groupId>junit</groupId>
                <artifactId>junit</artifactId>
                <version>${junit.version}</version>
            </dependency>
            <dependency>
                <groupId>org.mockito</groupId>
                <artifactId>mockito-all</artifactId>
                <version>${mockito.version}</version>
            </dependency>
            <dependency>
                <groupId>org.easytesting</groupId>
                <artifactId>fest-assert</artifactId>
                <version>${fest-assert.version}</version>
            </dependency>
            <dependency>
                <groupId>org.easytesting</groupId>
                <artifactId>fest-reflect</artifactId>
                <version>${fest-reflect.version}</version>
            </dependency>
        </dependencies>
    </dependencyManagement>

    <build>
        <finalName>${project.artifactId}</finalName>
        <resources>
            <resource>
                <directory>src/main/java</directory>
                <filtering>true</filtering>
                <excludes>
                    <exclude>**/*.java</exclude>
                </excludes>
            </resource>
            <resource>
                <directory>src/main/resources</directory>
                <filtering>true</filtering>
            </resource>
            <resource>
                <directory>src/main/webapp</directory>
                <filtering>true</filtering>
                <includes>
                    <include>**/*</include>
                </includes>
            </resource>
            <resource>
                <directory>src</directory>
                <includes>
                    <include>license/**</include>
                </includes>
            </resource>
        </resources>
        <pluginManagement>
            <plugins>
                <plugin>
                    <groupId>org.apache.maven.plugins</groupId>
                    <artifactId>maven-compiler-plugin</artifactId>
                    <version>${maven-compiler.version}</version>
                    <configuration>
                        <encoding>utf8</encoding>
                        <source>${java.version}</source>
                        <target>${java.version}</target>
                    </configuration>
                </plugin>
                <plugin>
                    <groupId>org.apache.maven.plugins</groupId>
                    <artifactId>maven-source-plugin</artifactId>
                    <executions>
                        <execution>
                            <id>attach-sources</id>
                            <goals>
                                <goal>jar</goal>
                            </goals>
                        </execution>
                    </executions>
                </plugin>
                <plugin>
                    <groupId>org.apache.maven.plugins</groupId>
                    <artifactId>maven-resources-plugin</artifactId>
                    <version>${maven-resources.version}</version>
                    <configuration>
                        <encoding>utf8</encoding>
                        <nonFilteredFileExtensions>
                            <nonFilteredFileExtension>zip</nonFilteredFileExtension>
                        </nonFilteredFileExtensions>
                    </configuration>
                </plugin>
                <plugin>
                    <groupId>org.apache.maven.plugins</groupId>
                    <artifactId>maven-clean-plugin</artifactId>
                    <version>3.0.0</version>
                    <configuration>
                        <filesets>
                            <fileset>
                                <directory>${user.resources}</directory>
                                <includes>
                                    <include>**/${module.name}-servers.zip</include>
                                </includes>
                                <followSymlinks>false</followSymlinks>
                            </fileset>
                        </filesets>
                    </configuration>
                </plugin>
                <plugin>
                    <groupId>org.apache.maven.plugins</groupId>
                    <artifactId>maven-antrun-plugin</artifactId>
                    <version>${maven-antrun.version}</version>
                    <executions>
                        <execution>
                            <phase>verify</phase>
                            <configuration>
                                <target>
                                    <zip destfile="${client.sources}"
                                         basedir="."
                                         includes="src/main/java/com/codenjoy/dojo/${module.name}/client/*.java,
                                               src/main/java/com/codenjoy/dojo/${module.name}/model/Elements.java,
                                               src/test/java/com/codenjoy/dojo/${module.name}/client/*.java,
                                               README.txt,
                                               src/license/**,
                                               **/pom.xml"
                                         excludes="src/main/java/com/codenjoy/dojo/${module.name}/client/ai/*,
                                               src/test/java/com/codenjoy/dojo/${module.name}/client/ai/*,
                                               **/target/**"
                                         update="true"/>

                                    <zip destfile="${client.sources}"
                                         basedir="."
                                         includes="src/main/**"
                                         excludes="src/main/java/**,
                                                src/main/webapp/**,
                                                src/main/resources/**,
                                                **/target/**"
                                         update="true"/>

                                    <zip destfile="${project.build.directory}/${project.artifactId}.jar"
                                         basedir="src/main/webapp"
                                         includes="resources/user/${module.name}-servers.zip"
                                         excludes=""
                                         update="true"/>

                                    <zip destfile="${project.build.directory}/${project.artifactId}-sources.jar"
                                         basedir="src/main/webapp"
                                         includes="resources/user/${module.name}-servers.zip"
                                         excludes=""
                                         update="true"/>
                                </target>
                            </configuration>
                            <goals>
                                <goal>run</goal>
                            </goals>
                        </execution>
                    </executions>
                </plugin>
                <plugin>
                    <groupId>org.codehaus.mojo</groupId>
                    <artifactId>license-maven-plugin</artifactId>
                    <version>${maven-license.version}</version>
                    <configuration>
                        <licenseName>gpl_v3</licenseName>
                        <licenseResolver>${project.baseUri}/src/license</licenseResolver>
                        <organizationName>Codenjoy</organizationName>
                        <projectName>Codenjoy - it's a dojo-like platform from developers to developers.</projectName>
                        <failOnMissingHeader>true</failOnMissingHeader>
                        <inceptionYear>2016</inceptionYear>
                        <canUpdateCopyright>false</canUpdateCopyright>
                        <canUpdateDescription>false</canUpdateDescription>
                        <canUpdateLicense>false</canUpdateLicense>
                    </configuration>
                    <executions>
                        <execution>
                            <id>first</id>
                            <goals>
                                <goal>update-file-header</goal>
                            </goals>
                            <phase>process-sources</phase>
                        </execution>
                    </executions>
                </plugin>
            </plugins>
        </pluginManagement>
    </build>
</project>